Generation,Sequence,Length,Mutations,Pred_Log10,Fitness
5,MSKGEELFTGVVPILVELDIDVNGHKFSVRIEGEGDATNGKLTLKFICTAGKLPVPWPTLVTTLTYGVQCFSRYPDHMKRHDFFKSAMPEGNVQERTISFKDDGLYKTRAEVKFEGDTLVNAIELKGIDFKEDGNILGHKLEYNFNSHNVYITADKQKNGIKANFKIRHNIVEDGSVQLADHYQQNTPIGDGPVLLPDNHYLSTQSVLSKDPNEKRDHMVLLEFVTAAGITHGMDELYK,239,G20I:G31I:T50A:Y92N:T105L:R122A,4.364831,12970.6787109375
5,MSKGEELFTGVVPILVELDIDVNGHKFSVRGEGEGDATNGKLTLKFICTTGKLPVPWPTLVTTLTYGVQCFSGYPDHMKRHDFFKSAMPEGNVQERTISFKDDGTYKTRAEVKFEGDTLVNAIELKGIDFKEDGNILGHKLEYNFNSHNVYITADKQKNGIKANFKIRHNIVEDGSVQLADHYQQNVPIGDGPFLLPDNHYLSTQSVLSKDPNEKRDFMVKLEFVTAAGITHGMDELYK,239,G20I:R73G:Y92N:R122A:T187V:V194F:H218F:L221K,4.3275633,11904.0576171875
5,MSKGEELFTGVVPILVELDIDVNGHKFSVRGEGEGDATNGKLTLKFICTTGKLPVPWPTLVTTLTYGVQCFSGYPDHMKRHDFFKSAMPEGNVQERTISFKDDGTYKTRAEVKFEGDTLVNAIELKGIDFKEDGNILGHKLEYNFNSHNVYITADKQKNGIKANFKIRNNIVEDGSVQLADHYQQNVPIGDGPVLLPDNHYLSTQSVLSKDPNEKRDFMVKLEFVTAAGITHGMDELYK,239,G20I:R73G:Y92N:R122A:H169N:T187V:H218F:L221K,4.312348,11494.22265625
4,MSKGEELFTGVVPILVELDIDVNGHKFSVRGEGEGDATNGKLTLKFICTTGKLPVPWPTLVTTLTYGVQCFSGYPDHMKRHDFFKSAMPEGNVQERTISFKDDGTYKTRAEVKFEGDTLVNAIELKGIDFKEDGNILGHKLEYNFNSHNVYITADKQKNGIKANFKIRHNIVEDGSVQLADHYQQNVPIGDGPVLLPDNHYLSTQSVLSKDPNEKRDFMVKLEFVTAAGITHGMDELYK,239,G20I:R73G:Y92N:R122A:T187V:H218F:L221K,4.2783165,10627.9189453125
5,MSKVEELFTGVVPILVELDGDVNGHKFSVRGEGEGDATNGKLTLKFICTTGKDPVPWPTLVTTLTYGVQCFSRYPDHMKRHDFFKSAMPEGYVQERTISFKDDGTYKTRAEVKFEGDTLVNRIELKYIDFKEDGNILGHKLEYNFNSHNVYITADKQKNWIKANFKIRHNIVEDGSVQLADHYQQNTPIGDGPVLLPDNHYLSTQSVLSKDPNEKRDHMVLLEFITAAGITHGMDELYK,239,G4V:L53D:G127Y:G160W:V225I,4.254842,10068.703125
5,MSKGEELFTGVVPILVELDIDVNGHKFSVRGEGEGDATNGKLTLKFICTTGKLPVPWPTLVTTLTYGVQCFSMYPDHMKRHDFFKSAMPEGNVQERTISFKDDGTYKTRAEVKFEGDTLVNAIELKGIDFKEDGNILGHKLEYNFNSHNVYITADKQKNGIKANFKIRHNIVEDCSVQLADHYQQNTPIGDGPVLLPDNHYLSTQSVLSKDPNEKRDHMVLLEFVTAAGITHGMDELYK,239,G20I:R73M:Y92N:R122A:G175C,4.2067,9012.2158203125
5,MSKVEELFTGVVPILVELDGDVNGHKFSVRGEGEGDATNGKLTLKFICTTGKDPVPWPTLVTTLTYGVQCFSRYPDHMKRHDFFKSAMPEGYVQERTISFKDDGWYKTRAEVKFEGDTLVNRIELKYIDFKEDGNILGHKLEYNFNSHNVYITADKQKNWIKANFKIRHNIVEDGSVQLADHYQQNTPIGDGPVLLPDNHYLSTQSVLSKDPNEKRDHMVLLEFVTAAGITHGMDELYK,239,G4V:L53D:T105W:G127Y:G160W,4.1828003,8529.666015625
5,MSKVEELFTGVVPILVELDGDVNGHKFSVRGEGEGDATNGKLTLKFICTTGKDPVPWPTLVTTLTYGVQCFSRYPDHMKRHDFFKSAMPEGYVQERTISFKDDGTYKTRAEVKFEGDTLVNRIELKYIDFKEDGNILGHKLEYNFNSHNVYITADKQKNWIKANFKIRHNIVEDGSVQLADHYQQNTPIGDNPVLLPDNHYLSTQSVLSKDPNEKRDHMVLLEFVTAAGITHGMDELYK,239,G4V:L53D:G127Y:G160W:G192N,4.1610265,7984.724609375
5,MSKVEELFTGVVPILVELDGDVNGHKFSVRGEGEGDATNGKLTLKFICTTGKDPVPWPTLVTTLTYGVQCFSRYPDHAKRHDFFKSAMPEGYVQERTISFKDDGTYKTRAEVKFEGDTLVNRIELKYIDFKEDGNILGHKLEYNFNSHNVYITADKQKNWIKANFKIRHNIVEDGSVQLADHYQQNTPIGDGPVLLPDNHYLSTQSVLSKDPNEKRDHMVLLEFVTAAGITHGMDELYK,239,G4V:L53D:M78A:G127Y:G160W,4.1520467,7946.5458984375
5,MSKGEELFTGVVPILVELDIDVNGHKFSVRGEGEGDATNGKLTLKFICTTGKLPVPWPTLVTTLTYGVQCFSRYPDHMKRHDFFKSAMPEGNVQERTISFKDDGTYKTRAEVKFEGDTLVNAIELKGIDFKEDQNILGHKLEYNFNSHNVYITADKQKWGIKANFKIRHNIVEDGSVQLADHYQQNTPIGDGPVLLPDNHYLSTQSVLSKDPNEKRDHMVLLEFVTAAGITHGMDELYK,239,G20I:Y92N:R122A:G134Q:N159W,4.1498,7905.5400390625
5,MSKVEELFTGVVPILVELDGDVNGHKFSVRGEGEGDATNGKLTLKFICTTGKDPVPWPTLVTTLTYGVQCFSRYPDHMKRNDFFKSAMPEGYVQERTISFKDDGTYKTRAEVKFEGDTLVNRIELKYIDFKEDGNILGHKLEYNFNSHNVYITADKQKNWIKANFKIRHNIVEDGSVQLADHYQQNTPIGDGPVLLPDNHYLSTQSVLSKDPNEKRDHMVLLEFVTAAGITHGMDELYK,239,G4V:L53D:H81N:G127Y:G160W,4.148285,7878.01171875
3,MSKVEELFTGVVPILVELDGDVNGHKFSVRGEGEGDATNGKLTLKFICTTGKDPVPWPTLVTTLTYGVQCFSRYPDHMKRHDFFKSAMPEGYVQERTISFKDDGTYKTRAEVKFEGDTLVNRIELKYIDFKEDGNILGHKLEYNFNSHNVYITADKQKNWIKANFKIRHNIVEDGSVQLADHYQQNTPIGDGPVLLPDNHYLSTQSVLSKDPNEKRDHMVLLEFVTAAGITHGMDELYK,239,G4V:L53D:G127Y:G160W,4.1459904,7836.4990234375
5,MSFGEELFTGVVPILVELDIDVNGHKFSVRGEGEGDATNKKLTLKFICTTGKLPVPWPTLVTTLTYGVQCFSRYPDHMKPHDFFKSAMPEGYVQERTISFKDDGTYKTRAEVKFEGDTLVNAIELKGIDFKEDGNILGHKLEYNFNSHNVYITADKQKNGIKANFKIRHNIVEDGSVQLADHYQQNTPIGDGPVLLPDNHYLSTQSVLSKDPNEKRDHMVLLEFVTAAGITHGMDELYK,239,K3F:G20I:G40K:R80P:R122A,4.144469,7809.09130859375
5,MSKVEELFTGVVPILVELDGDVNGHKFSVRGEGEGDATNGKLTLKFICTTGKDPVPWPTLVTTLTYGVQCFSRYPDHMKRHDFFKSAMPEGYVQERTISFKDDGTYKTRAEVKFEGDTLVNRIELKYIDFKEDGNILGHKLEYNFNSHNVYITADKQKNWIKANFKIRHNIVEDGSVQLADHYQQNTPIGDGPVLLPDNHYLSTQSVLSKDPNEKRDHMVLLEFVTAAGITGGMDELYK,239,G4V:L53D:G127Y:G160W:H232G,4.1340938,7624.748046875
5,MSKGEELFTGVVPILVELDIDVNGHKFSVRGEGEGDATNGKLTLKFICTTGKLPVPWPTLVTTLTYGVQCFSRYPDHMKRHDFFKSAMPEGNVQERTISFKDDGTYKTRAEVKFEGDTLVNAIELKGIDFKEDQNILGHKLSYNFNSHNVYITADKQKNGIKANFKIRHNIVEDGSVQLADHYQQNTPIGDGPVLLPDNHYLSTQSVLSKDPNEKRDHMVLLEFVTAAGITHGMDELYK,239,G20I:Y92N:R122A:G134Q:E142S,4.2409883,7488.30322265625
5,MSFGEELFTGVVPILVELDIDVNGHKFSVRGEGEGDATNGKLTLKFICTTDKLPVPWPTLVTTLTYGVQCFSRYPDHMKRHDFFKSAMPEGYVQERTISFKDDGTYKTRAEVKFEGDTLVNAIELKGIDFKEDGNILGHKLEYNFNSHNVYITADKQKNGIKANFKIRHNIVEDGSVQLADHYQQHTPIGDGPVLLPDNHYLSTQSVLSKDPNEKRDHMVLLEFVTAAGITHGMDELYK,239,K3F:G20I:G51D:R122A:N186H,4.1251454,7469.2529296875
5,MSKGEELFTGVVPILVELDIDVNGHKFSVRGEGEGDATNGKLTLKFICTTGKLPVPWPTLVTTLTYGVQCFSRYPDHMKRHDFFKSAMPEGNVQERTISFKDDGTYKTCAEVKFEGDTLVNAIELKGIDFKEDGNILGHKLEYNFNSHNVYITADKQKNGIKANFKIRHNIVEDDSVQLADHYQQNTPIGDGPVLLPDNHYLSTQSVLSKDPNEKRDFMVKLEFVTAAGITHGMDELYK,239,G20I:Y92N:R109C:R122A:G175D:H218F:L221K,4.1203256,7386.81591796875
5,MSKGEELFTGVVPILVELDIDVNGHKFSVRGEGEGDATNGKLTLKFICTTGKLPVPWPTLVTTLTYGVQCFSGYPDHMKRHDFFKSAMPEGNVQERTISFKDDGTYKTRAEVKFEGDTLVNAIELKWIDFKEDGNILGHKLEYNFNSHNVYITADKQKNGIKANFKIRHNIVEDGSVQLADHYQQNVPIGDGPVLLPDNHYLSTQSVLSKDPNEKRDFMVKLEFVTAAGITHGMDELYK,239,G20I:R73G:Y92N:R122A:G127W:T187V:H218F:L221K,4.1083517,7185.93701171875
5,MSKGEELFTGVVPILVELDIDVNGHKFSVRGEGEGDATNGKLTLKFICTTGKLPVPWPTLVTTLTYGVQCFSGYPDHMKRHDFFKSAMPEGNVQERTISFKDDGTYKTRAEVKFEGDTLVNAIELKGIDFKEDQNILGHKLEYNFNSHNVYITADKQKNGIKANFKIRHNIVEDGSVQLADHYQQLVPIGDGPVLLPDNHYLSTQSVLSKDPNEKRDFMVKLEFVTAAGITHGMDELYK,239,G20I:R73G:Y92N:R122A:G134Q:N186L:T187V:H218F:L221K,4.1004815,7056.88818359375
5,MSKGEELFTGVVPILVELDIDVNGHKFSVRHEGEGDATNGKLTLKFICTAGKLPVPWPTLVTTLTYGVQCFSRYPDHMKRHDFFKSAMPEGNVQERTISFKDDGTYKTRAEVKFEGDTLVNAIELKGIDFKEDGNILDHKLEYNFNSHNVYITADKQKNGIKANFKIRHNIVEDGSVQLADHYQQNTPIGDGPVLLPDNHYLSTQSVLSKDPNEKRDHMVLLEFVTAAGITHGMDELVK,239,G20I:G31H:T50A:Y92N:R122A:G138D:Y238V,4.0971293,7002.62841796875
4,MSKGEELFTGVVPILVELDIDVNGHKFSVRGEGEGDATNGKLTLKFICTTGKLPVPWPTLVTTLTYGVQCFSRYPDHMKRHDFFKSAMPEGYVQERTISFKDDGTYKTRAEVKFEGDTLVNAIELKGIDFKEDGNILGHKLEYNFNSHNVYITADKQKNGIKANFKIFHNIVEDGSVQLADHYQQNTPIGDGPVLLPDNHYLSTQSVLSKDPNEKRDHMVLLEFVTAAGITHGMDELYK,239,G20I:R122A:R168F,4.0906053,6898.21923828125
4,MSKGEELFTGVVPILVELDIDVNGHKFSVRGEGEGDATNGKLTLKFICTTGKLPVPWPTLVTTLTYGVQCFSRYPDHMKRHDFFKSAMPEGNVQERTISFKDDGTYKTRAEVKFEGDTLVNAIELKGIDFKEDQNILGHKLEYNFNSHNVYITADKQKNGIKANFKIRHNIVEDGSVQLADHYQQNTPIGDGPVLLPDNHYLSTQSVLSKDPNEKRDHMVLLEFVTAAGITHGMDELYK,239,G20I:Y92N:R122A:G134Q,4.086887,6839.4091796875
4,MSKGEELFTGVVPILVELDIDVNGHKFSVRGEGEGDATNGKLTLKFICTTGKSPVPWPTLVTTLTYGVQCFSRYPDHMKRHDFFKSAMPEGYVQERTISFKDDGTYKTRAEVKFEGDTLVNAIELKGIDFKEDGNILGHKLEYNFNSHNVYITADKQKNGIKANFKIRHNIVEDGSVQLADHYQQNTPIGDGPVLLPDNHYLSTQSVLSKDPNEKRDHMVLLEFVTAAGITHGMDELYK,239,G20I:L53S:R122A,4.086764,6837.47265625
4,MSKGEELFTGVVPILVELDIDVNGHKFSVRGEGEGDATNGKLTLKFICTTGKLPVPWPTLVTTLTYGVQCFSRYPDHMKRHDFFKSAMPEGNVQERTISFKDDGTYKTRAEVKFEGDTLVNAIELKGIDFKEDGNILGHKLEYNFNSHNVYITADKQKNGIKANFKIRHNLVEDGSVQLADHYQQNTPIGDGPVLLPDNHYLSTQSVLSKDPNEKRDHMVLLEFVTAAGITHGMDELYK,239,G20I:Y92N:R122A:I171L,4.0867553,6837.3369140625
5,MSKVEELFTGVVPILVELDGDVNGHFFSVRGEGEGDATNGKLTLKFICTTGKDPVPWPTLVTTLTYGVQCFSRYPDHMKRHDFFKSAMPEGYVQERTISFKDDGTYKTRAEVKFEGDTLVNRIELKYIDFKEDGNILGHKLEYNFNSHNVYITADKQKNWIKANFKIRHNIVEDGSVQLADHYQQNTPIGDGPVLLPDNHYLSTQSVLSKDPNEKRDHMVLLEFVTAAGITHGMDELYK,239,G4V:K26F:L53D:G127Y:G160W,4.0836563,6788.72216796875
5,MSKVEELFTGVVPILVELDGDVNGHKFSVRGEGEGDATNGKLTLKFICTTGKDPVPWPTLVTTLTYGVQCFSRYPDHMKRHDFFKSAMPEGYVQERTISFKDDGTYKTRAEVKFEGDTLVNRIELKYIDFKEDGNILGHKLEYNFNSHNVYITADKQKNWIKANFKIRHNIVEDGSVQLADHYQQNTPIGDGPVLLPDNHYLSTQSVLSKDPNEKRDYMVLLEFVTAAGITHGMDELYK,239,G4V:L53D:G127Y:G160W:H218Y,4.0813913,6753.4091796875
5,MSKGEELFTGVVPILVELDIDVNGHKFSVRGEGEGDATNGKLTLKFICTTGKLPVPWPTLVTTLTYGVQCFSRYPDHMKRHDFFKSAMPEGYVQERTISFKDDGTYKTRAEVKFEGDTLVNAIELKGIDFKEDGNILGHKLESNFNSHNVYITADKQKNGIKANFKIRHNIVEDGSVQLADHYQQNTPIGDGPVLLPDNHYLSTQSVLSKDPNEKRDHMVLLEFVTAAGITHGMDELYK,239,G20I:R122A:Y143S,4.072645,6618.76416015625
5,MSKGEELFTGVVPILVELDIDVNGHKFSVVGEGEGDATNGKLTLKFICTTGKLPVPWPTLVTTLTYGVQCFSRYPDHMKRHDFFKSAMPEGNVQERTISFKDDGTYKTRAEVKFEGDTLVNAIELKGIDFKEDGNILGHKLEYNFNSHNVYITADKQKNGIKANFKIRHNIVEDGSVQLADHYQQNTPIGDGPVLLPDNHYLSTQSVLSKDPNEKRDHMVLLEFVTAAGITHGMDELYK,239,G20I:R30V:Y92N:R122A,4.0667295,6529.21923828125
5,MSKGEELFTGVVPILVELDIDVNGHKFSVRGEGEGDATNGKLTLKFICTTGKLPVPWPTLVTTLTYGVQCFSRYPDHMKRHDFFKSAMPEGYVQERTISFKDDGYYKTRAEVKFEGDTLVNAIELKGIDFKEDGNILGHKLEYNFNSHNVYITADKQKNGIKANFKIRHNIVEDGSVQLADHYQQNTPIGDGPVLLPDNHYLSTQSVLSKDVNEKRDHMVLLEFVTAAGITHGMDELYK,239,G20I:T105Y:R122A:P212V,4.060725,6439.57080078125
5,MSKVEELFTGVVPILVELDGDVNGHKFSVRGEGEGDATNGKLTLKFICTTGKDPVPWPTLVTTLTYGVQCFSRYPDHMKRHDFFKSAMPEGYVQERTISFKDDGTYKTRAEVKFEGDTLVNRIELKYIDFKEDGNILGHKLEYNFNSHNVYITADKQKNWIKANFKIRHNIVEDGSVQLADHYQQFTPIGDGPVLLPDNHYLSTQSVLSKDPNEKRDHMVLLEFVTAAGITHGMDELYK,239,G4V:L53D:G127Y:G160W:N186F,4.0592866,6418.27490234375
4,MSKGEELFTGVVPILVELDIDVNGHKFSVRGEGEGDATNGKLTLKFICTTGKLPVPWPTLVTTLTYGVQCFSRYPDHMKRHDFFKSAMPEGNVQERTISFKDDGTYKTCAEVKFEGDTLVNAIELKGIDFKEDGNILGHKLEYNFNSHNVYITADKQKNGIKANFKIRHNIVEDGSVQLADHYQQNTPIGDGPVLLPDNHYLSTQSVLSKDPNEKRDFMVKLEFVTAAGITHGMDELYK,239,G20I:Y92N:R109C:R122A:H218F:L221K,4.0504007,6288.2880859375
5,MSFGEELFTGVVPILVELDIDVNGHKFSVRGEGEGDATNGKLTLKFICTTGKLPVPWPTLVTTLTYGVQCFSRYPDHMKRHDFFKSAMPEGYVQERTISFKDDGTYKTRAEVKFEGDTLVNAIELKGIDFKEDGNILGHKLEYNFNSHNVYITADKQKNGIKANFKIRHNIVEDGSVQLADHYQQNTPIGDAPVLLPDNHYLSTQSVLSKDPNEKRDHMVLLEFVTAAGITHGMDELYK,239,K3F:G20I:R122A:G192A,4.056981,6283.68701171875
5,MSKGEELFTGVVPILVELDIDVNGHKFSVRGEGEGEATNGKLTLKFICTTGKLPVPWPTLVTTLTYGVQCFSRYPDHMKRHDFFKSAMPEGYVQERTISFKDDGTYKTRAEVKFEGDTLVNAIELKGIDFKEDGNILGHKLEYNFNSHNVYITADKQKNGIKANFKIFHNIVEDGSVQLADHYQQNTPIGDGPVLLPDNHYLSTQSVLSKDPNEKRDHMVLLEFVTAAGITHGMDELYK,239,G20I:D36E:R122A:R168F,4.047588,6247.69189453125
4,MSFGEELFTGVVPILVELDIDVNGHKFSVRGEGEGDATNKKLTLKFICTTGKLPVPWPTLVTTLTYGVQCFSRYPDHMKRHDFFKSAMPEGYVQERTISFKDDGTYKTRAEVKFEGDTLVNAIELKGIDFKEDGNILGHKLEYNFNSHNVYITADKQKNGIKANFKIRHNIVEDGSVQLADHYQQNTPIGDGPVLLPDNHYLSTQSVLSKDPNEKRDHMVLLEFVTAAGITHGMDELYK,239,K3F:G20I:G40K:R122A,4.0434303,6188.16748046875
5,MSKGEELFTGVVPILVELDIDVNGHKFSVRGEGEGDATNGKLTLKFICTTGKLPVTWPTLVTTLTYGVQCFSRYPDHMKRHDFFKSAMPEGNVQERTISFKDDGTYKTRAEVKFEGSTLVNAIELKGIDFKEDGNILGHKLEYNFNSHNVYITADKQKNGIKANFKIRHNIVEDGSVQLADHYQQNTPIGDGPVLLPDNHYLSTQSVLSKDPNEKRDHMVLLEFVTAAGITHGMDELYK,239,G20I:P56T:Y92N:D117S:R122A,4.153127,6116.77294921875
5,MSKGEELFTGVVPILVELDIDVNGHKFSVRGEGEGDATNGKLTLKFICTTGKLPVPWPTLVTTLTYGVQCFSRYPDVMKRHDFFKSAMPEGIVQERTISFKDDGTYKTRAEVKFEGDTLVNAIELKGIDFKEDGNILGHKLEYNFNSHNVYITADKQKNGIKANFKIFHNIVEDGSVQLADHYQQNTPIGDGPVLLPDNHYLSTQSVLSKDPNEKRDHMVLLEFVTAAGITHGMDELYK,239,G20I:H77V:Y92I:R122A:R168F,4.0382943,6115.41650390625
5,MSKGEELFTGVVPILVELDIDVNGHKFSVRIEGEGDATNGKLVLKFICTTGKLPVPWPTLVTTLTYGVQCFSRYPDHMKRHDFFKSAMPEGYVQERTISFKDDGTYKTRAEVKFEGDTLVNAIELKGIDFKEDGNILGHKLEYNFNSHNVYITADKQKNGIKANFKIRHNIVEDGSVQLADHYQQNTPIGDGPVLLPDNHYLSTQSVLSKDPNEKRDHMVLLEFVTAAGITHGMDELYK,239,G20I:G31I:T43V:R122A,4.036227,6086.37841796875
5,MSKGEELFTGVVPILVELDIDVNGHKFSVRGLGEGDATNGKLTLKFICTTGKLPVPWPTLVTTLTYGVQCFSRYPDHMKRHDFFKSAMPEGNVQERTISFKDDGTYKTRAEVKFEGDTLVNAIELKGIDFKEDGNILGHKLEYNFNSHNVYITADKQKNGIKANFKIRHNIVEDGSVQLADHYQQNTPIGDGPVLLPDNHYLSTQSVLSKDPNEKRDHMVLLEFVTAAGITHGMDELYK,239,G20I:E32L:Y92N:R122A,4.146032,6017.65087890625
5,MSKGEELFTGVVPILVELDIDVNGHKFSVRGEGEGDATNGKLTLKFICTTGKLPVPWPTLVTTLTYGVQCFSRYPDHMKRHDFFKSAMPEGYVQERTFSFKDDGTYKTRAEVKFEGDTLVNAIELKGIDFKEDGNILGHKLEYNFNSHNVYITADKQKNGIKANFKIRHNIVEDGSVQLADHYQQNTPIGDGPVLLPDNHYLSTQSVLSKDPNEKRDHMVLLEFVTAAGITHGMDELYK,239,G20I:I98F:R122A,4.030809,6010.916015625
5,MSKGEELFTGVVPILVELDIDVNGHKFSVRGEGEGDATNGKLTLKFICTTGKLPVPWPTLVTTLTYGVQCFSRYPDHMKRHDFFKSAMPEGYVQERTISFKDDGTYKTRAEVKFEGDTLVNAIELKGSDFKEDGNILGHKLEYNFNSHNVYITADKQKNGIKANFKIRHNIVEDGSVQLADHYQQNTPIGDGPVLLPDNHYLSTQSVLSKDPNEKRDHMVLLEFVTAAGITHGMDELYK,239,G20I:R122A:I128S,4.0295286,5993.2216796875
5,MSKGEELFTGVVPILVELDIDVNGHKFSVRGEGEGDATNGKLTVKFICTTGKLPVPWPTLVTTLTYGVQCFSGYPDHMKRHDFFKSAMPEGNVQEREISFKDDGTYKTRAEVKFEGDTLVNAICLKGIDFKEDGNILGHKLEYNFNSHNVYITADKQKNGIKANFKIRHNIVEDGSVQLADHYQQNVPIGDGPVLLPDNHYLSTQSVLSKDPNEKRDFMVKLEFVTAAGITHGMDELYK,239,G20I:L44V:R73G:Y92N:T97E:R122A:E124C:T187V:H218F:L221K,4.028433,5978.119140625
5,MSKGEELFTGVVPILVELDIDVNGHKFSVRGEGEGDATNGKLTLKFICTTGKLPVPWPTLVTTLTYGVQCFSRYPDHMKRHDFFKSAMPEGYVQERTISFKDDGTYKTRAEVKFEGDTLVNAIELKGIDFKEDGNILGHKLEYNFNSHNVYITADKQKNGIKANFKIFHNIVEDGSVSLADHYQQNTPIGDGPVLLPDNHYLSTQSVLSKDPNEKRDHMVLLEFVTAAGITHGMDELYK,239,G20I:R122A:R168F:Q178S,4.02535,5935.83447265625
5,MSFGEELFTGVVPILVELDIDVNGHKFSVRGEGEGDATNGKLTLKFICTTGKLPVPWPTLVTTLTYGVQCFSRYPDHMKRHDFFKSAMPEGYVQERTISFKDDMTYKTRAEVKFEGDTLVNAIELKGIDFKEDGNILGHKLEYNFNSHNVYITADKQKNGIKANFKIRHNIVEDGSVQLADHYQQNTPIGDGPVLLPDNHYLSTQSVLSKDPNEKRDHMVLLEFVTAAGITHGMDELYK,239,K3F:G20I:G104M:R122A,4.0238376,5915.1982421875
5,MSKGEELFTGVVPILVELDIDVNGHKFSVRGEGEGDATNGKLTLKFICTTGKLPVPWPTLVTTLTYGVQCFSRYPDHMKRHDFFKSAMPEGNVQERTISFKDDGTYKTRAEVKFEGDTLVNAIELKGIDFKEDGNILGHKLEYNFSSHNVYITADKQKNGIKANFKIRHNIVEDGSVQLADHYQQNTPIGDGPVLLPDNHYLSTQSVLSKDPNEKRDHMVLLEFVTAAGITHGMDELYK,239,G20I:Y92N:R122A:N146S,4.021351,5881.42529296875
5,MSFGEELFTGVVPILVELDIDVNGHKFSVRGEGEGDATNGKLTLKFICTTGKLPVPWPTLVTTLTYGVQCFSRYPDHMKRHDFFKSAMPEGYVQERTISFKDDGNYKTRAEVKFEGDTLVNAIELKGIDFKEDGNILGHKLEYNFNSHNVYITADKQKNGIKANFKIRHNIVEDGSVQLADHYQQNTPIGDGPVLLPDNHYLSTQSVLSKDPNEKRDHMVLLEFVTAAGITHGMDELYK,239,K3F:G20I:T105N:R122A,4.0165,5816.09814453125
5,MSKVEELFTGVVPILVELDGDVNGHKFSVRGEGEGDATNGKLTLKFICTTGKDPVPWPTLVTTLTYGVQCFSRYPDHMKRHDFFKSAMPEGYVQERTISFKDDGTYKTRAEVKFEGDTLVNRIELKYIDFKEDGNILGHKLEYNFNSHNVYITADKQKNWIKANFKIRHNIVEDGSVQLADHYQQNTGIGDGPVLLPDNHYLSTQSVLSKDPNEKRDHMVLLEFVTAAGITHGMDELYK,239,G4V:L53D:G127Y:G160W:P188G,4.0145903,5790.5791015625
5,MSKGEELFTGVVPILVELDIDVNGHKFSVRGEGEGDATNGKLTLKFICTTGKLPVPWPTLVTTLTYGVQCFSRYPDHMKRHDFFKSAMPEGYVQERTISFKDDGTYKTRAEVKFEGDTLVNAIELKGIDFKEDGNILGHKLEYNFNSHNVYITADKQKNGIKANFKIRHNIVEDGSVQLADHCQQNTPIGDGPVLLPDNHYLSTQSVLSKDPNEKRDHMVLLEFVTAAGITHGMDELYK,239,G20I:R122A:Y183C,4.013594,5777.31298828125
4,MSKGEELFTGVVPILVELDIDVNGHKFSVRGEGEGDATNGKLTLKFICTTGKLPVPWPTLVTTLTYGVQCFSRYPDHMKRHDFFKSAMPEGYVQERTISFKDDGTYKTRAEVKFEGDTLVNAIELKGIDFKEDGNILGHKLEYNFNSHNVYITADKQKNGIKANFKIRHNIVEDGSVQLADHYQQNTPIGDGPVLLPDNHYLSTQSVLSKDVNEKRDHMVLLEFVTAAGITHGMDELYK,239,G20I:R122A:P212V,3.9994287,5591.9140625
5,MSKGEELFTGVVPILVELDIDVNGHKFSVRGEGEGDATNGKLTLKFICTTGKLPVPWPTLVTTLTYGVQCFSRYPDHMKRHDFFKSAMPEGNVQERTISFKDDGTYKTRAEVKFEGDTLVNAIELKGIDFKEDGNILGHKLSYNFNSHNVYITADKQKNGIKANFKIRHNIVEDGSVQLADHYQQNTPIGDGPVLLPDNHYLSTQSVLSKDPNEKRDHMVLLEFVTAAGITHGMDELYK,239,G20I:Y92N:R122A:E142S,4.1089478,5525.13525390625
5,MSKGEELFTGVVPILVELDIDVNGHKFSVRGEGEGDATNGKLTLKFICTTGKLPVPWPTLVTTLTYGVQCFSRYPDHMKRHDFFKSAMPEGYVQERTISFKDDGTYKTRAEVKFEGDTLVNAIELKGIDFKEDGNILGHKLEYNFNSHNVYITADKQKNGIKANFKIFHNIVEDGSVQLADHYQQNTPIGDGPVLLPDNHYLSTQHVLSKDPNEKRDHMVLLEFVTAAGITHGMDELYK,239,G20I:R122A:R168F:S206H,3.9927406,5506.45849609375
